shortname,geno,h1_mean,h1_sem,h9_mean,h9_sem
a,1,"""10000000000""",7.534712140222707,0.03850431934049858,7,0
b,2,"""01000000000""",7,0,7,0
c,"1,2","""11000000000""",9.278592141816203,0.043818955192970854,9.067835452821848,0.14400061756838023
d,6,"""00000100000""",7,0,7,0
e,"6,7","""00000110000""",7.958844906870341,0.16446075408272848,8.869846578201892,0.09909555831417804
g,"1,2,6,7","""11000110000""",9.34345443290082,0.01549253257034813,9.807098146293193,0.008562217821274313
h,"1,2,6,7,8","""11000111000""",9.364113409564828,0.008849425132159446,10.0017427221661,0.02494706524930646
m,0,"""00000000000""",7,0,7,0
n,11,"""11111111111""",9.506654275000498,0.01668832617301335,10.094744421532916,0.014203454275188121