antigen,shortname,replicate,run_id,KD,KD_err
H1,som14,1,0,-9.153648756240996,0.27794565177140484
H1,som14,2,2,-9.290718841231973,0.2649061888230323
H9,som14,1,1,-10.153371456358368,0.37128151580639207
H9,som14,2,3,-10.275734172819423,0.270712201872962
