,shortname,isogenic_exp_mean,isogenic_exp_sem
0,1,3.8834304735515857,0.08329307070941505
1,2,4.071211767443766,0.27000792160946213
2,6,3.940059721324459,0.25297862596711385
3,12,3.7553164791479086,0.056650724695177734
4,67,3.6734381982782844,0.04505132036013459
5,1267,3.756162865125286,0.1792750885878018
6,12678,3.544863420772969,0.0729817471386387
7,som,3.895005439931928,0.028863416581078383
8,germ,3.840916677198676,0.04137474676372554
