shortname,geno,exp_mean,exp_sem
a,1,"""10000000000""",3.275724248510319,0.06692219586605988
b,2,"""01000000000""",3.2330952693480213,0.027723460296151047
c,"12","""11000000000""",3.256464042985931,0.04414845302294531
d,6,"""00000100000""",3.1459266536135835,0.046469705621520634
e,"67","""00000110000""",3.2598502370269844,0.05151592588169192
g,"1267","""11000110000""",3.166982234344028,0.027865936640075795
h,"12678","""11000111000""",3.2638602851791028,0.02744750658620789
m,germ,"""00000000000""",3.141163521112256,0.0482649559059342
n,som,"""11111111111""",3.267142160957555,0.05211922837398146